word;word_corretta;acronimo;commento
aa;ELIMINARE;;
aaii;ELIMINARE;;
ab;ELIMINARE;;
abilita;abilità;;
abilità;abilità;;
abitative;abitativo;;
abitazione;abitazione;;
abitudini;abitudine;;
acath;port access catheter;port-a-cath;
acccessi;accesso;;
accertamento;accertamento;;
accesdi;accesso;;
accesi;accesso;;
acceso;accesso;;
accessi;accesso;;
accesso;accesso;;
accettazione;accettazione;;
accidentali;accidentale;;
accompagnamento;accompagnare;;
accompagnare;accompagnare;;
acessi;accesso;;
acqua;acqua;;
acuta;acuto;;
acute;acuto;;
addensanti;addensanti;;
addestramenti;addestramento;;
addestramento;addestramento;;
addestrato;addestrato;;
addominale;addominale;;
addominali;addominale;;
addrestramento;addestramento;;
addstramento;addestramento;;
adeguato;adeguato;;
aderenza;aderenza;;
adesivi;adesivo;;
adesivo;adesivo;;
adi;assistenza domiciliare integrata;;
adimed;assistenza domiciliare integrata medica;;
adl;activities of daily living;;
ado;assistenza domiciliare oncologica;;
adozione;adozione;;
adulti;adulto;;
aeree;aeree;;
aerosol;aerosolterapia;;
aerosolterapia;aerosolterapia;;
affiancamento;affiancamento;;
affiancare;affiancare;;
affidate;affidato;;
aggiornamento;aggiornamento;;
aggiornare;aggiornare;;
aghi;ago;;
ago;ago;;
ago_;ago;;
agocannula;agocannula;;
agocanula;agocannula;;
aidcp;assistenza infermieristica diagnosi cura e prevenzione;aidcp;
ail;ELIMINARE;;
aiutare;aiutare;;
aiutarli;aiutare;;
aiuti;aiuto;;
aiuto;aiuto;;
albimona;albumina;;
albumina;albumina;;
albunina;albumina;;
alcune;alcune;;
alimentare;alimentare;;
alimentari;alimentare;;
alimentazione;alimentazione;;
alimentazioni;alimentazione;;
alimentazone;alimentazione;;
alimenti;alimento;;
alleanza;allenza;;
allem;ELIMINARE;;
allenza;alleanza;;
allettamento;allettamento;;
allettato;allettato;;
alta;alto;;
alterazioni;alterazione;;
altezza;altezza;;
altra;altro;;
altre;altro;;
alvo;alvo;;
ambientale;ambientale;;
ambiente;ambiente;;
ambienti;ambiente;;
ambiti;ambito;;
ambito;ambito;;
ambulatori;ambulatorio;;
ambulatoriali;ambulatoriale;;
ambulatorio;ambulatorio;;
amministrazione;amministrazione;;
amo;ano;;
ampolla;ampolla;;
anaelastici;anelastico;;
anaelastico;anelastico;;
analgo;analgosedazione;;
analisi;analisi;;
anamnesi;anamnesi;;
ancoraggio;ancoraggio;;
anderen;altro;;
anelastici;anelastico;;
anestesista;anestesista;;
angehörige;familiari;;
angehörigen;familiari;;
anlage;ELIMINARE;;
antalgica;antalgico;;
antalgiche;antalgico;;
antalgici;antalgico;;
antibiotca;antibiotico;;
antibiotica;antibiotico;;
antibiotiche;antibiotico;;
antibiotici;antibiotico;;
antibiotico;antibiotico;;
antibioticoterapia;antibioticoterapia;;
antibioticotp;antibioticoterapia;;
antibioticoyerapua;antibioticoterapia;;
anticipate;anticipato;;
antidecubito;antidecubito;;
antidekubitusversorgung;gestione dei presidi antidecubito;;
antigenico;anti-igienico;;
antiniotica;antibiotico;;
antitrombotiche;antitrombotico;;
antropometriche;antropometrico;;
apertura;apertura;;
aperture;apertura;;
aplicazione;applicazione;;
app;applicazione;;
apparato;apparato;;
apparecchi;apparecchio;;
apparecchiature;apparecchiatura;;
applicativo;applicativo;;
applicazione;applicazione;;
applicazioni;applicazione;;
approccio;approccio;;
approvvigionamento;approvvigionamento;;
ari;ELIMINARE;;
arri;ELIMINARE;;
arteriosa;arterioso;;
arteriose;arterioso;;
arteriosi;arterioso;;
arterioso;arterioso;;
arti;arto;;
artificiale;artificiale;;
artificiali;artificiale;;
arto;arto;;
artriose;arterioso;;
ascolto;ascolto;;
asili;ausilio;;
asl;azienda sanitaria locale;asl;
aspetti;aspetto;;
aspetto;aspetto;;
aspirazione;aspirazione;;
aspirazioni;aspirazione;;
asportazione;asportazione;;
ass;ELIMINARE;;
assenza;assenza;;
assesment;assessment;;
assessment;assessment;;
assestement;assessment;;
assestment;assessment;;
assieme;assieme;;
assisstenziali;assistenziale;;
assistente;assistente;;
assistenti;assistente;;
assistenza;assistenza;;
assistenziale;assistenziale;;
assistenziali;assistenziale;;
assistita;assistito;;
assistiti;assistito;;
assistito;assistito;;
assisto;assistito;;
assistreziale;assistenziale;;
assit;ELIMINARE;;
assitenza;assistenza;;
assunzione;assunzione;;
asuili;ausilio;;
atb;ELIMINARE;;
atetere;catetere;;
atp;ELIMINARE;;
attaccati;attaccato;;
attacco;attacco;;
attiva;attivo;;
attivando;attivando;;
attivate;attivato;;
attivazione;attivazione;;
attivazioni;attivazione;;
attivi;attivo;;
attivita;attività;;
attività;attività;;
attivo;attivo;;
attrezzature;attrezzatura;;
attuare;attuare;;
ausili;ausilio;;
ausilii;ausilio;;
ausilio;ausilio;;
ausl;azienda unità sanitaria locale;ausl;
aussiliari;ausiliario;;
auto;auto;;
autocura;autocura;;
autoefficienza;auto efficienza;;
autofahrten;ELIMINARE;;
autogestione;autocura;;
autonomia;autonomia;;
autorilevati;auto rilevati;;
autosufficianza;autosufficienza;;
autosufficienza;autosufficienza;;
avanzata;avanzato;;
avanzate;avanzato;;
avc;accesso venoso centrale;avc;
avel;ELIMINARE;;
avenzate;avanzato;;
avp;accesso venoso periferico;avp;
avvenute;avvenuto;;
avversi;avverso;;
avvio;avvio;;
aziendale;aziendale;;
badante;badante;;
badanti;badante;;
bagno;bagno;;
bambini;bambino;;
bambino;bambino;;
base;base;;
basso;basso;;
bec;ELIMINARE;;
beendaggi;bendaggio;;
bend;bendaggio;;
bendaggi;bendaggio;;
bendaggiarti;bendaggio arti;;
bendaggio;bendaggio;;
bendaggo;bendaggio;;
bendagi;bendaggio;;
bengaggi;bendaggio;;
beratung;consulenza;;
besorgen;procurare;;
betreuen;assistere;;
betreuung;assistenza;;
bilancio;bilancio;;
biliare;biliare;;
biliari;biliare;;
bimbo;bambino;;
bioligici;biologico;;
biologici;biologico;;
biologico;biologico;;
biomurali;bioumorale;;
bioptico;bioptico;;
bioumorale;bioumorale;;
bioumorali;bioumorale;;
bisogni;bisogno;;
bisogno;bisogno;;
blasenkatheter;catetere vescicale;;
blister;blister;;
blutabnahme;prelievo ematico;;
blutabnahmen;prelievo ematico;;
blutentnahmen;prelievo ematico;;
blutzucker;glicemia;;
bo;ELIMINARE;;
bottoni;bottone;;
bpco;broncopneumopatia cronica ostruttiva;bpco;
breafing;briefing;;
brefing;briefing;;
breve;breve;;
brocoaspirazioni;broncoaspirazione;;
bronchiale;bronchiale;;
bronco;bronco;;
broncoaspirazione;broncoaspirazione;;
broncoaspirazioni;broncoaspirazione;;
broncolavaggio;broncolavaggio;;
broncospirazione;broncoaspirazione;;
burocratica;burocratico;;
burocrazia;burocrazia;;
ca;ELIMINARE;;
cache;ELIMINARE;;
cade;cade;;
caduta;caduta;;
cadute;caduta;;
caleterismo;cateterismo;;
calze;calza;;
cam;ELIMINARE;;
cambi;cambio;;
cambiamento;cambiamento;;
cambio;cambio;;
campione;campione;;
campioni;campione;;
canale;canale;;
canalizzazione;canalizzazione;;
cannula;cannula;;
cannule;cannula;;
cannulla;cannula;;
canula;cannula;;
canule;cannula;;
capilari;capillare;;
capillare;capillare;;
capillari;capillare;;
car;ELIMINARE;;
caragivers;caregiver;;
card;ELIMINARE;;
cardiaco;cardiaco;;
cardiopatici;cardiopatico;;
care;caregiver;;
caregeaver;caregiver;;
caregever;caregiver;;
careggi;ELIMINARE;;
careghiver;caregiver;;
caregire;caregiver;;
caregive;caregiver;;
caregiver;caregiver;;
caregivers;caregiver;;
caregover;caregiver;;
carenze;carenza;;
carergiver;caregiver;;
careviger;caregiver;;
carg;caregiver;;
carghiver;caregiver;;
cargiver;caregiver;;
carguiver;caregiver;;
carica;carico;;
caricamento;caricamento;;
carico;carico;;
carne;carne;;
carriera;carriera;;
carrozzina;carrozzina;;
cartella;cartella;;
cartelle;cartella;;
carth;ELIMINARE;;
case;ELIMINARE;;
casi;caso;;
cat;catetere;;
catatere;catetere;;
categiver;caregiver;;
categorie;categoria;;
catere;catetere;;
caterei;catetere;;
caterere;catetere;;
catereri;catetere;;
catereteri;catetere;;
cateri;catetere;;
caterina;ELIMINARE;;
caterismi;cateterismo;;
caterismo;cateterismo;;
caterizzazioni;cateterizzazione;;
catersmo;cateterismo;;
caterteri;catetere;;
catetare;catetere;;
catetei;catetere;;
cateter;catetere;;
catetere;catetere;;
cateteri;catetere;;
cateterimo;cateterismo;;
cateterino;catetere;;
cateteriri;cateterismo;;
cateterisco;cateterismo;;
cateterismi;cateterismo;;
cateterismo;cateterismo;;
cateterizazioni;cateterizzazione;;
cateterizzasione;cateterizzazione;;
cateterizzato;cateterizzare;;
cateterizzazione;cateterizzazione;;
cateterizzazioni;cateterizzazione;;
cateterusmo;cateterismo;;
catetete;catetere;;
cateteteri;catetere;;
cateteterismo;cateterismo;;
catetre;catetere;;
catetrismo;cateterismo;;
cath;catetere;;
cathetere;catetere;;
cattetere;catetere;;
caunceliing;counselling;;
caunseling;counselling;;
caunsling;counselling;;
causelin;counselling;;
causeling;counselling;;
cavo;cavo;;
cc;ELIMINARE;;
ccv;ELIMINARE;;
centali;centrale;;
centarli;centrale;;
centrale;centrale;;
centrali;centrale;;
centralizzati;centralizzato;;
centrati;centrato;;
centro;centro;;
centrrale;centrale;;
cercare;cercare;;
cergiver;caregiver;;
cerotto;cerotto;;
cescicali;vescicale;;
cessione;cessione;;
cestione;gestione;;
ceterismo;cateterismo;;
cetetere;catetere;;
ceteteri;cateteri;;
ceteterismo;cateterismo;;
cg;ELIMINARE;;
ch;ELIMINARE;;
chemioterapia;chemioterapia;;
chemioterapica;chemioterapia;;
chemioterapie;chemioterapia;;
chemotherapie;chemioterapia;;
chemotherapien;chemioterapia;;
chirrurgiche;chirurgico;;
chirugiche;chirurgico;;
chirugici;chirurgico;;
chirurgi;chirurgo;;
chirurgia;chirurgia;;
chirurgica;chirurgico;;
chirurgice;chirurgico;;
chirurgiche;chirurgico;;
chirurgici;chirurgico;;
chirurgo;chirurgo;;
chiusura;chiusura;;
cicc;centrally inserted central catheter;cicc;
cicli;ciclo;;
ciclo;ciclo;;
circ;ELIMINARE;;
circolari;circolare;;
circuito;circuito;;
cire;ELIMINARE;;
cistifix;catetere per cistostomia percutanea;;
cisto;cistoscopia;;
cistoclisi;cistoclisi;;
cistofix;catetere per cistostomia percutanea;;
cistostimia;cistostomia;;
cistostomie;cistostomia;;
cl;centilitri;cl;
cliente;cliente;;
clima;clima;;
clinica;clinica;;
cliniche;clinica;;
clinici;clinica;;
clinico;clinico;;
clip;clip;;
clisi;clisi;;
clisma;clisma;;
clismi;clisma;;
clistere;clistere;;
clistereglicemia;clistere glicerina;;
clisteri;clistere;;
clistero;clistere;;
cliteri;clistere;;
coaching;coaching;;
coagulometro;coagulometro ;;
cognitive;cognitivo;;
cognitivo;cognitivo;;
coinvolgimento;coinvolgimento;;
coinvolte;coinvolto;;
coinvolti;coinvolto;;
collabirazione;collaborazione;;
collaborazione;collaborazione;;
collegamento;collegamento;;
colleghi;collega;;
colloqio;colloquio;;
colloqui;colloquio;;
colloquio;colloquio;;
colo;colon;;
colon;colon;;
colonatomia;colonstomia;;
colonstamie;colonstomia;;
colonstomia;colonstomia;;
colonstomie;colonstomia;;
colostomia;colonstomia;;
colostomie;colonstomia;;
colostonie;colonstomia;;
colturale;colturale;;
colturali;colturale;;
colture;coltura;;
com;ELIMINARE;;
comlessa;complessa;;
communicatione;comunicazione;;
communicazione;comunicazione;;
comp;ELIMINARE;;
compelessi;complesso;;
competenze;competenze;;
compilare;compilare;;
compilazione;compilazione;;
complese;complesso;;
complessa;complesso;;
complesse;complesso;;
complessi;complesso;;
complessità;complessità;;
complesso;complesso;;
compliance;compliance;;
complicanze;complicanza;;
complicate;complicato;;
comportamenti;comportamento;;
compresa;compreso;;
comprese;compreso;;
compreso;compreso;;
compressi;compresso;;
compressione;compressione;;
compressionecompliance;compressione compliance;;
compressioni;compressione;;
compressiva;compressivo;;
compressive;compressivo;;
compressivi;compressivo;;
compressivo;compressivo;;
computer;computer;;
comunicazione;comunicazione;;
condivise;condiviso;;
condivisione;condivisione;;
condizione;condizione;;
condizioni;condizione;;
conduzione;conduzione;;
confamiliari;familiari;;
conference;conferenza;;
confezionamento;confezionamento;;
confronti;confronto;;
confronto;confronto;;
congiunta;congiunto;;
congiunte;congiunto;;
congiunti;congiunto;;
congiunto;congiunto;;
connessione;connessione;;
conoscitivi;conoscitivi;;
conplesse;complesse;;
consapevolezza;consapevolezza;;
consegna;consegna;;
conselling;counselling;;
consematerialj;materiali;;
consigli;consigli;;
consigliazioni;consigli;;
consuelling;counselling;;
consulente;consulente;;
consulenza;consulenza;;
consulenze;consulenza;;
consultazione;consultazione;;
consulting;consultazione;;
consuntivazione;consultazione;;
contatti;contatto;;
contatto;contatto;;
contenitivi;contenitivo;;
contenitivo;contenitivo;;
contesti;contesto;;
contesto;contesto;;
continua;continuativo;;
continuativo;continuativo;;
continue;continuità;;
continuità;continuità;;
controllati;controllato;;
controlli;controllo;;
controllo;controllo;;
controlo;controllo;;
contuse;controllo;;
conuseling;counselling;;
coordinamento;coordinamento;;
coplesse;complesse;;
corpo;corpo;;
corporea;corporea;;
corretta;corretto;;
corretti;corretto;;
corretto;corretto;;
corsetti;corsetto;;
cose;cosa;;
coseling;counselling;;
costante;costante;;
costruire;costruire;;
cot;centrale operativa territoriale;cot;
coumadin;coumadin;;
counceling;counselling;;
councelling;counselling;;
counselig;counselling;;
counseling;counselling;;
counselingla;counselling;;
counselling;counselling;;
counselng;counselling;;
couseling;counselling;;
couselling;counselling;;
covid;covid;;
cranica;cranico;;
cre;ELIMINARE;;
creazione;creazione;;
crisi;crisi;;
crisma;clisma;;
crismi;clisma;;
criteri;criterio;;
critico;critico;;
crntrali;centrale;;
crociato;crociato;;
cronica;cronico;;
croniche;cronico;;
cronici;cronico;;
cronico;cronico;;
csregiver;caregiver;;
cteteri;catetere;;
cultura;cultura;;
culturali;culturale;;
cumarina;cumarina;;
cunseling;counselling;;
cura;cura;;
curante;curante;;
curanti;curante;;
cure;cura;;
cut;ELIMINARE;;
cutanea;cutaneo;;
cutanee;cutaneo;;
cutanei;cutaneo;;
cutaneo;cutaneo;;
cute;cute;;
cv;catetere venoso;cv;
cvc;catetere venoso centrale;cvc;
cvce;catetere venoso centrale;cvc;
cvp;catetere venoso periferico;cvp;
dat;direttive anticipate di trattamento;dat;
dati;dato;;
dauerkatheter;catetere vescicale;;
dauerkatheterversorgung;catetere vescicale;;
decibiti;decubito;;
declivi;declive;;
decubiti;decubito;;
decubito;decubito;;
decubuto;decubito;;
decupido;decubito;;
decupito;decubito;;
decuto;decubito;;
definito;definito;;
definizione;definizione;;
degenerative;degenerativo;;
deiscenze;deiscenza;;
dem;ELIMINARE;;
den;ELIMINARE;;
denaturazione;denaturazione;;
der;ELIMINARE;;
derivative;derivativo;;
derivazioni;derivazione;;
dermatiti;dermatiti;;
desutura;desutura;;
desuture;desutura;;
determinate;determinato;;
determinazione;determinazione;;
detersione;detersione;;
deubito;decubito;;
devacee;device;;
device;device;;
devices;device;;
diabete;diabete;;
diabetica;diabete;;
diabetiche;diabetico;;
diabetici;diabetico;;
diabetico;diabetico;;
diagnostiche;diagnostico;;
diagnostici;diagnostico;;
diagnostico;diagnostico;;
dialisi;dialisi;;
dialogo;dialogo;;
diario;diario;;
didatticabed;didattica ;;
diensten;servizio;;
dieta;dieta;;
difficile;difficile;;
difficili;difficile;;
digitale;digitale;;
digiuno;digiuno;;
digiunostomia;digiunostomia;;
digiunostomie;digiunostomia;;
diimissione;dimissione;;
dilatazioni;dilatazioni;;
dimensionale;dimensionale;;
dimissione;dimissione;;
dimissioni;dimissione;;
dimora;domora;;
diretta;diretto;;
disabile;disabile;;
disabilita;disabilità;;
disabilità;disabilità;;
disconnessione;disconnessione;;
discussione;discussione;;
disfagia;disfagia;;
disfagici;disfagico;;
disidratati;disidratato;;
disidratazione;disidratazione;;
disinfezione;disinfezione;;
dispnea;dispnea;;
dispositivi;dispositivo;;
dispositivo;dispositivo;;
distretto;distretto;;
distribuzione;distribuzione;;
disturbante;disturbante;;
disturbanti;disturbante;;
diugiono;digiuno;;
diuresi;diuresi;;
diverse;diverso;;
diversi;diverso;;
divice;device;;
documentazione;documentazione;;
dokumentation;documentazione;;
dolore;dolore;;
doloregestione;gestione dolore;;
dolori;dolore;;
dom;domandare;;
domandare;domandare;;
domande;domanda;;
domestico;domestico;;
domiciliare;domiciliare;;
domiciliari;domiciliare;;
domicilio;domicilio;;
domicolio;domicilio;;
domiicliare;domiciliare;;
domiiclio;domiciliare;;
donna;donna;;
doore;dolore;;
doppio;doppio;;
doppler;doppler;;
dosaggio;dosaggio;;
dotazione;dotazione;;
dottoresse;dottore;;
dottori;dottore;;
drainspülungen;irrigazione;;
drenaddi;drenaggio;;
drenaggi;drenaggio;;
drenaggio;drenaggio;;
dreneggi;drenaggio;;
dubbi;dubbio;;
duodenali;duodenale;;
durata;durata;;
ec;ELIMINARE;;
ecccc;ELIMINARE;;
ecct;ELIMINARE;;
ecg;elettrocardiogramma;ecg;
ecoguidati;ecoguidato;;
ecoguidato;ecoguidato;;
ect;ELIMINARE;;
ecvp;catetere venoso periferico;cvp;
edaucazione;educazione;;
edemi;edema;;
edeucazione;educazione;;
edicazione;educazione;;
edispositivi;dispositivo;;
edizione;edizione;;
edovena;endovena;;
edovenose;endovena;;
edt;ELIMINARE;;
educ;educazione;;
educaione;educazione;;
educare;educare;;
educativa;educare;;
educativi;educare;;
educativo;educativo;;
educatore;educatore;;
educazionale;educazionale;;
educazionali;educazionale;;
educazione;educazione;;
educazionetracheo;educazione tracheostomia;;
educazioni;educazione tracheostomia;;
educazuione;educazione;;
edukation;educazione;;
effettuate;effettuato;;
effettuazione;effettuazione;;
effettuazioni;effettuazione;;
efficace;efficace;;
ega;emogasanalisi;ega;
egc;elettrocardiogramma;ecg;
einläufe;clistere;;
elaborazione;elaborazione;;
elasocompressivi;elastocompressivo;;
elasocompressivo;elastocompressivo;;
elastiche;elastico;;
elastici;elastico;;
elastico;elastico;;
elasticocompressivi;elastocompressivo;;
elasticompressivo;elastocompressivo;;
elasto;elastocompressivo;;
elastocmpressivi;elastocompressivo;;
elastocompressimo;elastocompressivo;;
elastocompressioni;elastocompressivo;;
elastocompressiva;elastocompressivo;;
elastocompressive;elastocompressivo;;
elastocompressivi;elastocompressivo;;
elastocompressivo;elastocompressivo;;
elastomeri;elastomero;;
elastomerica;elastomerico;;
elastomeriche;elastomerico;;
elastomerico;elastomerico;;
elastomero;elastomero;;
elastometrica;elastomerico;;
elementare;elementare;;
elementi;elemento;;
elenco;elenco;;
elestacompressivi;elastocompressivo;;
elettrocardiogramma;elettrocardiogramma;;
elettrocardiogramme;elettrocardiogramma;;
elettrocardiogrammi;elettrocardiogramma;;
elettromedicali;elettromedicali;;
eliminazione;eliminazione;;
email;email;;
emarici;ematico;;
emarico;ematico;;
ematci;ematico;;
ematiche;ematico;;
ematichimici;ematico;;
ematici;ematico;;
ematico;ematico;;
emativi;ematico;;
ematochimiche;ematochimico;;
ematochimici;ematochimico;;
ematochimico;ematochimico;;
ematochinici;ematochimico;;
ematoco;ematico;;
ematologici;ematologico;;
ematologo;ematologo;;
ematuco;ematico;;
emergenza;emergenza;;
emocolturali;emoculturale;;
emoderivati;emoderivato;;
emogas;emogasanalisi;;
emogasanali;emogasanalisi;;
emogasanalisi;emogasanalisi;;
emostasi;emostasi;;
emotive;emotivo;;
emotivo;emotivo;;
emotrafusione;emotrasfusione;;
emotrasfusione;emotrasfusione;;
emotrasfusionene;emotrasfusione;;
emotrasfusioni;emotrasfusione;;
empatica;empatico;;
empowerment;empowerment;;
emtico;ematico;;
endotracheale;endotracheale;;
endotracheali;endotracheale;;
endovena;endovena;;
endovene;endovena;;
endovenosa;endovenoso;;
endovenose;endovenoso;;
endovenosi;endovenoso;;
endovenoso;endovenoso;;
endovesa;endovenoso;;
endovesone;endovenoso;;
endvenosa;endovenoso;;
eneterali;enterale;;
enovenosa;endovenoso;;
enovenose;endovenoso;;
enpt;nutrizione parenterale totale;npt;
enterable;enterale;;
enteraje;enterale;;
enterale;enterale;;
enterali;enterale;;
enterele;enterale;;
enterle;enterale;;
entero;entero;;
enteroclisma;enteroclisma;;
enteroclismi;enteroclisma;;
enteroclismo;enteroclisma;;
enterostomia;enterostomia;;
enterostomie;enterostomia;;
entfernen;enterostomia;;
entorostomie;enterostomia;;
entrale;enterale;;
entrali;enterale;;
entrate;entrata;;
entrati;entrato;;
eo;esame obiettivo;eo;
eparina;eparina;;
epicistostomie;epicistostomia;;
equilibrio;equilibrio;;
equipe;equipe;;
er;ELIMINARE;;
erziehung;educazione;;
es;esame;;
esame;esame;;
esami;esame;;
escare;escara;;
escreato;escreato;;
escreti;escreto;;
esecuzione;esecuzione;;
esecuzioni;esecuzione;;
eseguire;eseguire;;
esito;esito;;
eslasto;elasto;;
esng;sondino naso gastrico;sng;
espertizazione;asportazione;;
esplorazione;esplorazione;;
esplorazioni;esplorazione;;
estemporanea;estemporaneo;;
estemporanei;estemporaneo;;
estemporaneo;estemporaneo;;
estione;gestione;;
etc;ELIMINARE;;
etran;ELIMINARE;;
ev;endovena;ev;
evaciuzione;evacuazione;;
evacquativa;evacuativo;;
evacuante;evacuante;;
evacuanti;evacuante;;
evacuati;evacuativo;;
evacuatici;evacuativo;;
evacuatico;evacuativo;;
evacuaticvi;evacuativo;;
evacuativa;evacuativo;;
evacuative;evacuativo;;
evacuativi;evacuativo;;
evacuativo;evacuativo;;
evacuatore;evacuativo;;
evacuatoria;evacuativo;;
evacuazione;evacuazione;;
evacutivi;evacuativo;;
evacutivo;evacuativo;;
evaquativi;evacuativo;;
evaquativo;evacuativo;;
evatici;evacuativo;;
eventi;evento;;
eventuale;eventuale;;
eventuali;eventuale;;
evscicale;vescicale;;
facilitator;facilitatore;;
facilitatore;facilitatore;;
facilitatorie;facilitazione;;
facilitazione;facilitazione;;
facilitazioni;facilitazione;;
fae;ELIMINARE;;
fam;famiglia;;
famiglia;famiglia;;
famigliare;familiare;;
famigliari;familiare;;
famiglie;famiglia;;
familia;famiglia;;
familiare;familiare;;
familiari;familiare;;
familienzentrierte;familiare;;
familienzentrierten;familiare;;
family;famiglia;;
far;faringeo;;
faringea;faringeo;;
faringeo;faringeo;;
farmaceutici;farmaceutico;;
farmaci;farmaco;;
farmacia;farmacia;;
farmaco;farmaco;;
farmacologica;farmacologico;;
farmacologiche;farmacologico;;
fascia;fascia;;
fasciatura;fasciatura;;
fasciature;fasciatura;;
fascisture;fasciatura;;
fase;fase;;
fasi;fase;;
fatmaci;farmaco;;
fatmacologico;farmacologico;;
favorire;favorire;;
fc;fleboclisi;;
feboclisi;fleboclisi;;
fecalomi;fecaloma;;
femmina;femmina;;
femminile;femminile;;
femminili;femminile;;
fer;ELIMINARE;;
ferale;ELIMINARE;;
ferita;ferita;;
ferite;ferita;;
ficc;ELIMINARE;;
fiducia;fiducia;;
figure;figura;;
fisiol;fisiologica;;
fisiologica;fisiologica;;
fissaggio;fissaggio;;
fissatori;fissatore;;
flacone;flacone;;
flc;flacone;;
flebboclisi;fleboclisi;;
flebloclisi;fleboclisi;;
flebo;flebo;;
fleboa;flebo;;
fleboclici;fleboclisi;;
fleboclisi;fleboclisi;;
fleboclusi;fleboclisi;;
flebologia;fleboclisi;;
flebologici;fleboclisi;;
fleboterapa;fleboterapia;;
fleboterapia;fleboterapia;;
fleboterapie;fleboterapia;;
flecoclisi;fleboclisi;;
fleet;clistere;;
flit;clistere;;
fluidoterapia;fleboterapia;;
fluidoterapie;fleboterapia;;
foillow;follow up;;
foley;foley;;
follow;follow up;;
followup;follow up;;
follw;follow up;;
formativi;formativo;;
formazione;formazione;;
formazone;formazione;;
formulari;formulario;;
fornire;fornire;;
fornite;fornito;;
fornitura;fornitura;;
forniture;fornire;;
fr;ELIMINARE;;
fragile;fragile;;
fragili;fragile;;
framaci;farmaci;;
frz;ELIMINARE;;
funzionale;funzionale;;
funzionali;funzionale;;
funzionalità;funzionalità;;
funzionalià;funzionalità;;
funzione;funzione;;
funzioni;funzione;;
gambaletti;gambaletti;;
gambe;gamba;;
garantire;garantire;;
gare;gara;;
garegiver;caregiver;;
gastriche;gastrico;;
gastrici;gastrico;;
gastrico;gastrico;;
gastroenterici;gastroenterico;;
gastrostomia;gastrostomia;;
gastrostomica;gastrostomica;;
gastrostomiche;gastrostomica ;;
gastrostomici;gastrostomica;;
gastrostomie;gastrostomia;;
gastrotube;gastro tube;;
generali;generale;;
genere;genere;;
generica;generico;;
geriatrici;geriatrico;;
gesione;gestione;;
gespräche;gestione;;
gesrione;gestione;;
gest;gestione;;
gestiione;gestione;;
gestine;gestione;;
gestiobe;gestione;;
gestiome;gestione;;
gestione;gestione;;
gestionecatetere;gestione catetere;;
gestionecv;gestione cv;cv;
gestionei;gestione;;
gestionepeg;gestione peg;peg;
gestioni;gestione;;
gestire;gestire;;
gestito;gestito;;
gestoni;gestione;;
gestrione;gestione;;
getione;gestione ;;
gewichtskontrolle;controllo del peso;;
ghilarza;ELIMINARE;;
ghiver;tremare;;
ghrosshong;groshong;;
giornaliera;giornaliero;;
give;caregiver;;
giver;caregiver;;
givers;caregiver;;
gives;caregiver;;
glicemia;glicemia;;
glicemici;glicemico;;
glicemico;glicemico;;
glicemie;glicemia;;
globale;globale;;
gluc;glucosio;;
glucometro;glucometro;;
glucosata;glucosata;;
glucotest;glucotest;;
gomme;gomma;;
grado;grado;;
granulomi;granuloma;;
groshong;groshong;;
grstione;gestione;;
hausbesuche;visita domiciliare;;
hause;domicilio;;
heilbehelfe;dispositivi medici;;
hgt;emo gluco test;Hgt;
hilfsmittel;AIDS;AIDS;
hnhnhnhnhh;ELIMINARE;;
hosp;Ospedale;;
huber;ago di Huber;;
hubert;ago di Huber;;
identificazione;identificazione;;
idr;idratante;;
idratanta;idratante;;
idratante;idratante;;
idratanti;idratante;;
idratazione;idratazione;;
idratazioni;idratazione;;
idratazuoni;idratazione;;
idrica;idrica;;
ifec;infermiere di famiglia;ifec;
igene;igiene;;
igeniche;igienico;;
igienche;igienico;;
igiene;igiene;;
igieniche;igienico;;
igienico;igienico;;
ii;ELIMINARE;;
iii;ELIMINARE;;
ilchirurgo;il chirurgo;;
ileo;ileo;;
ileostomia;ileostomia;;
ileostomie;ileostomia;;
iline;ELIMINARE;;
ilio;ilo;;
im;instramuscolare;im;
impacchi;impacco;;
impegnative;impegnativa;;
impiantabili;impiantabile;;
impiantati;impiantato;;
impianti;impianto;;
impianto;impianto;;
incanalare;incanalare;;
incannulamento;incannulamento;;
incarico;incarico;;
incluse;incluso;;
inclusi;incluso;;
incontri;incontro;;
incontro;incontro;;
incremento;incremento;;
indagini;indagine;;
indicazioni;indicazione;;
indirizzare;indirizzare;;
individuali;individuale;;
induzione;induzione;;
inerventi;intervento;;
inettive;iniettivo;;
inf;ELIMINARE;;
inferiore;inferiore;;
inferiori;inferiore;;
infermeristico;infermieristico;;
infermiere;infermiere;;
infermieri;infermiere;;
infermieristica;infermieristico;;
infermieristiche;infermieristico;;
infermieristici;infermieristico;;
infermieristico;infermieristico;;
inffusiva;infusiva;;
infisioni;infusione;;
influsioni;infusione;;
info;informazione;;
infondere;infondere;;
informale;informale;;
informatico;informatico;;
informativi;informativo;;
informativo;informativo;;
informazione;informazione;;
informazioni;informazione;;
infuisonali;Infusionale;;
infusi;Infusione;;
infusinale;Infusionale;;
infusioale;Infusionale;;
infusiobale;Infusionale;;
infusionale;Infusionale;;
infusionali;Infusionale;;
infusionanale;Infusionale;;
infusione;Infusione;;
infusionele;Infusionale;;
infusionen;Infusione;;
infusioni;Infusione;;
infusioniali;Infusionale;;
infusionionale;Infusionale;;
infusionionali;Infusionale;;
infusionsle;Infusionale;;
infusionstherapie;Terapia Infusiva;;
infusiva;Infusiva;;
infusive;Infusiva;;
infusivi;infusivo;;
infusivonale;Infusionale;;
infusonale;Infusionale;;
infusor;Infusore;;
infusore;Infusore;;
infusuva;Infusiva;;
ingestis;ab ingestis;;
iniettiva;iniettivo;;
iniettive;Iniettiva;;
iniezione;Iniezione;;
iniezioni;Iniezione;;
inittive;Iniettiva;;
iniziale;Iniziale;;
iniziezioni;Iniezione;;
injektionen;Iniezione;;
injezioni;Iniezione;;
innesto;innesto;;
inniettiva;Iniettiva;;
inr;inr;INR;
inramuscolare;Intramuscolare;;
inrestinali;Intestinale;;
insegnamento;insegnamento;;
inserimenti;inserimento;;
inserimento;inserimento;;
inseriti;inserito;;
inserzione;inserzione;;
insorgenza;insorgenza;;
insulina;insulina;;
insulinica;insulinica;;
insulino;insulino;;
insulinodipendente;insulinodipendente;;
intamuscolare;Intramuscolare;;
intamuscolari;Intramuscolare;;
inteamuscolare;Intramuscolare;;
integrate;integrato;;
integrato;integrato;;
integrazione;integrazione;;
integrità;integrità;;
intensità;intensità;;
interazione;interazione;;
interdiciplinare;interdisciplinare;;
interdisciplinare;interdisciplinare;;
intermediazione;intermediazione;;
intermittenti;intermittente;;
interpersonali;interpersonale;;
interventi;intervento;;
intervento;intervento;;
intervista;intervista;;
interviste;intervista;;
intestinale;intestinale;;
intestinali;intestinale;;
intestino;intestino;;
intima;intima;;
intime;intima;;
intra;intra;;
intradermica;intradermica;;
intradermiche;intradermica;;
intramosculare;intramuscolare;;
intramuascolari;intramuscolare;;
intramusciolare;intramuscolare;;
intramuscolare;intramuscolare;;
intramuscolari;intramuscolare;;
intramuscolo;intramuscolo;;
intramusculare;intramuscolare;;
intraprendere;intraprendere;;
intrapreso;intrapreso;;
intravascolari;intravscolare;;
intravenosi;intravenoso;;
introduzione;introduzione;;
inusione;infusione;;
invasiva;invasivo;;
invasivi;invasivo;;
ipdermoclisi;ipdermoclisi;;
ipo;ipo;;
ipocinetiche;ipocinetico;;
ipodemoclisi;ipodermoclisi;;
ipoderma;ipoderma;;
ipodermica;ipodermico;;
ipodermiche;ipodermico;;
ipodermo;ipodermico;;
ipodermoclisi;ipodermoclisi;;
ipodermoglisi;ipodermoclisi;;
ipotetiche;ipotetico;;
irrigazione;irrigazione;;
irrigazioni;irrigazione;;
ispezione;ispezione;;
ispezioni;ispezione;;
istituti;istituto;;
istituzione;istituzione;;
istituzioni;istituzione;;
istruire;istruire;;
istruzione;istruzione;;
istruzioni;istruzione;;
itinere;itinere;;
iv;intravenoso;iv;
kapillär;capillare;;
katheter;catetere;;
katheterwechsel;cambio del catetere;;
kinaesthetics;cinestesica;;
kinder;bambini;;
kontrollen;controllo;;
konzept;concetto;;
körperpflege;cura del corpo;;
laboratorio;laboratorio;;
lacero;lacero;;
laddove;laddove;;
lal;leucemia acuta linfatica;lal;
lasciati;lasciato;;
lastocompressione;elastocompressione;;
lavaggi;lavaggio;;
lavaggio;lavaggio;;
lavarsi;lavarsi;;
lavorativa;lavorativo;;
lc;ELIMINARE;;
lcc;ELIMINARE;;
ldc;ELIMINARE;;
ldd;lesione da decubito;ldd;
lddp;lesione da decubito;;
ldp;lesione da pressione;ldp;
legati;legato;;
leggero;leggero;;
leisioni;lesione;;
les;lupus eritematoso sistemico;les;
lesa;leso;;
lesione;lesione;;
lesione;lesione;;
lesione;lesione;;
letto;letto;;
lifesyle;lifesyle;;
limitrofi;limitrofe;;
line;line;;
linea;linea;;
linee;linea;;
linfo;linfo;;
liq;liquido;;
liquidi;liquido;;
livello;livello;;
lla;ELIMINARE;;
lld;ELIMINARE;;
logistico;logistico;;
lpd;legge di protezione dei dati;lpd;
lt;ELIMINARE;;
lunga;lungo;;
luto;lutto;;
lutto;lutto;;
lv;Endovena;IV;
macchina;macchina;;
macchinari;macchinario;;
mail;mail;;
malati;malato;;
malato;malato;;
malattia;malattia;;
malattie;malattia;;
management;management;;
manager;manager;;
managment;management;;
manovre;manovra;;
mansioni;mansione;;
mantenere;mantenere;;
mantenimento;mantenimento;;
manuale;manuale;;
manuali;manuale;;
manuntenzione;manutenzione;;
manutenzione;manutenzione;;
maratona;maratona;;
maschile;maschile;;
maschili;maschile;;
maschio;maschio;;
mascile;maschile;;
mask;maschio;;
massaggi;massaggio;;
materassi;materasso;;
materasso;materasso;;
materia;materia;;
materiale;materiale;;
materiali;materiale;;
mc;medico competente;mc;
mdline;midline;;
meccanica;meccanico;;
meccanico;meccanico;;
med;med;;
medcazione;medcazione;;
media;media;;
mediacazioni;mediazione;;
mediazione;mediazione;;
mediazioni;mediazione;;
medic;mediazione;;
medicacazioni;mediazione;;
medicamentoso;medicamentoso;;
medicare;medicare;;
medicati;medicato;;
medicato;medicato;;
medicaz;medicazione;;
medicaziini;medicazione;;
medicazini;medicazione;;
medicazioe;medicazione;;
medicazioini;medicazione;;
medicazioli;medicazione;;
medicazione;medicazione;;
medicazionei;medicazione;;
medicazioni;medicazione;;
medicazionio;medicazione;;
medicazooni;medicazione;;
medici;medico;;
medicina;medicina;;
medicinali;medicinale;;
medicine;medicina;;
medico;medico;;
mediczioni;medicazione;;
medie;media;;
medikamente;farmaci;;
medikamenten;farmaci;;
medikamentenverabreichung;somministrazione di farmaci;;
medinali;medicinale;;
meditazioni;meditazione;;
medline;midline;;
membri;membro;;
merdicazione;medicazione;;
messen;misura;;
metalliche;metallico;;
metastasi;metastasi;;
mettere;mettere;;
microbiologici;microbiologico;;
microbiologico;microbiologico;;
microcath;micro catetere;;
microclismi;microclisma;;
microinfusore;microinfusore;microinfusore;
microinfusori;midline;;
mid;midline;;
midd;midline;;
mide;midline;;
mideline;midline;;
midiline;midline;;
midlain;midline;;
midline;midline;;
midlline;midline;;
mimi;mini;;
mini;mini;;
minimid;mini midline;;
minimidline;mini midline;;
minori;minore;;
minzione;minzione;;
missurazione;misurazione;;
miste;misto;;
misura;misura;;
misurare;misurare;;
misurazione;misurazione;;
misurazioni;misurazione;;
mit;ELIMINARE;;
mmg;millimetri di mercurio;mmg;
mobbilizzazione;mobilizzazione;;
mobilitazione;mobilitazione;;
mobilità;mobilità;;
mobilizazione;mobilizzazione;;
mobilizione;mobilizzazione;;
mobilizzazione;mobilizzazione;;
mobilizzazione_;mobilizzazione;;
mobilizzazioni;mobilizzazione;;
mocroinfusori;macro infusori;;
molecolari;molecolare;;
momenti;momento;;
momo;ELIMINARE;;
monitoraggi;monitoraggio;;
monitoraggio;monitoraggio;;
monitorare;monitorare;;
mono;mono;;
monoprofessionale;monoprofessionale;;
montaggio;montaggio;;
morale;morale;;
morbilita;morbilità;;
morente;morente;;
morte;morte;;
motivazionale;motivazionale;;
motivi;motivo;;
movimentazione;movimentazione;;
movimentazioni;movimentazione;;
muchi;muco;;
muco;muco;;
multi;ELIMINARE;;
multidimensionale;multidimensionale;;
multidimensionali;multidimensionale;;
multidisciplinare;multidisciplinare;;
multidisciplinari;multidisciplinare;;
multipla;Multipla;;
multiple;Multipla;;
multiprofessionale;multiprofessionale;;
multiprofessionali;multiprofessionale;;
muscolare;muscolare;;
muscolo;muscolo;;
mwdicazioni;Medicazione;;
na;Sodio Cloruro;NA;
nach;Sodio Cloruro;;
nad;nutrizione artificiale domiciliare;nad;
nasali;nasale;;
nasi;naso;;
naso;naso;;
nasogastrici;nasogastrico;;
nasogastrico;nasogastrico;;
natura;natura;;
nausea;nausea;;
ncp;nuclei di cure primarie;ncp;
ndd;natura da determinare;ndd;non definita diagnosi
necessario;necessario;;
necessitano;necessitano;;
necessità;necessità;;
ned;nutrizione enterale domiciliare;ned;
nefro;nefro;;
nefrostomia;nefrostomia;;
nefrostomiche;nefrostomico;;
nefrostomici;nefrostomico;;
nefrostomie;nefrostomia;;
nefrostromici;nefrostomico;;
nefrostromie;nefrostomia;;
negativa;negativo;;
nematici;ELIMINARE;;
neoformazioni;neoformazione;;
neonato;neonato;;
neoplastica;neoplastico;;
neoplastiche;neoplastico;;
net;net;;
network;network;;
neuromuscolare;neuromuscolare;;
nfusionale;nfusionale;;
ng;ELIMINARE;;
nhnhnhnhn;ELIMINARE;;
nhnhnhnnh;ELIMINARE;;
niv;ventilazione non invasiva;niv;
nnd;ELIMINARE;;
normalizzare;normalizzare;;
notturna;notturno;;
np;nutrizione parenterale;np;
npt;nutrizione parenterale totale;npt;
nrs;numerical rating scale;nrs;
ntp;npt;NPT;
nucleo;nucleo;;
nuova;nuovo;;
nuove;nuovo;;
nuove;nuovo;;
nursering;nursing;;
nursing;nursing;;
nutripompa;nutripompa;;
nutriz;nutrizione;;
nutrizine;nutrizione;;
nutrizionale;nutrizionale;;
nutrizionali;nutrizionale;;
nutrizione;nutrizione;;
nutrizioni;nutrizione; ;
nutrizionista;nutrizionista;;
nutrizone;nutrizione;;
nutrizoni;nutrizione;;
oa;ELIMINARE;;
oaziente;paziente;;
obiettiva;obiettivo;;
obiettivi;obiettivo;;
obiettivo;obiettivo;;
occasionale;occasionale;;
occasionali;occasionale;;
occasionalmente;occasionale;;
occlusivi;occlusivo;;
occlusivo;occlusivo;;
oeg;peg;gastrostomia__endoscopica__percutanea;
on;CANCELLA;;
oncologica;oncologico;;
oncologiche;oncologico;;
oncologici;oncologico;;
oncologico;oncologico;;
onda;sonda;;
ons;ons;;
operato;operato;;
operatore;operatore;;
operatori;operatorio;;
operatorio;operatorio;;
orale;orale;;
oraler;orale;;
orali;orale;;
ordinare;ordinare;;
ordine;ordine;;
organico;organico;;
organisation;organizzazione;;
organizzare;organizzare;;
organizzativi;organizzativo;;
organizzativo;organizzativo;;
organizzazione;organizzazione;;
orientamento;orientamento;;
origine;origine;;
oro;orale;;
orofaringe;orofaringe;;
orofaringea;orofaringea;;
orogastrici;orogastrico;;
orotracheale;orotracheale;;
ortopedici;ortopedico;;
os;Latino per bocca;OS;
ospedale;ospedale;;
ospedali;ospedale;;
ospedalieri;ospedaliero;;
oss;operatore_sociosanitario;OSS;
osservatorio;osservatorio;;
osservazione;osservazione;;
ossido;ossido;;
ossigeno;ossigeno;;
ossigenoterapia;ossigenoterapia;;
ossigenotherapia;ossigenoterapia;;
ossimetria;ossimetria;;
ostomie;stomia;;
ovvero;ELIMINARE;;
pa;pressiore arteriosa;PA;
pac;pacchetto ambulatoriale complesso;PAC;
pagliative;palliative;;
pai;piano assistenziale individualizzato;PAI;
paiano;ELIMINARE;;
paliative;palliative;;
paliativista;palliativista;;
palitive;palliative;;
palliariva;palliative;;
palliarive;palliative;;
palliativa;palliative;;
palliative;palliative;;
palliativi;palliative;;
palliativista;palliativista;;
palliativiste;palliativista;;
palliativisti;palliativista;;
palliativo;palliativo;;
palliativpatienten;palliative;;
palliatori;palliative;;
palliazione;palliazione;;
pallitive;palliative;;
palloncino;palloncino;;
pannolini;pannolino;;
pannolino;pannolino;;
panollino;pannolino;;
paracentesi;paracentesi;;
paramentri;parametri;;
paramerti;parametri;;
parametre;parametri;;
parametri;parametri;;
parametro;parametri;;
parentale;parentale;;
parente;parente;;
parentela;parentela;;
parenteral;parenterale;;
parenterale;parenterale;;
parenteraler;parenterale;;
parenterali;parenterale;;
parenteralu;parenterale;;
parentersle;parenterale;;
parentetali;parenterale;;
parenti;Parenti;;
paretpgenteralr;ELIMINARE;;
parlare;parlare;;
parlo;parlare;;
parrnterale;parenterale;;
parta;ELIMINARE;;
parti;parti;;
passiva;passivo;;
passivo;passivo;;
pasto;pasto;;
pat;ELIMINARE;;
patenterale;parenterale;;
patient;paziente;;
patienten;paziente;;
patologia;patologia;;
patologie;patologie;;
paure;paure;;
paz;paziente;;
paziante;paziente;;
paziente;paziente;;
pazienti;paziente;;
pcap;pcap;;
pcc;pianificazione condivisa delle cure;PCC;
pdf;ELIMINARE;;
pdta;Percorso Diagnostico Terapeutico Assistenziale;PDTA;
pe;prelievo ematico;PE;
pediatra;pediatra;;
pediatrici;pediatrico;;
pediatrico;pediatrico;;
peg;gastrostomia endoscopica percutanea;PEG;
pegg;gastrostomia endoscopica percutanea;PEG;
pegj;gastrodigiunostomia endoscopica percutanea;PEG;
pegra;gastrostomia endoscopica percutanea;PEG;
pegversorgungen;gastrostomia endoscopica percutanea;PEG;
peiferico;periferico;;
pej;digiunostomia endoscopica percutanea;PEJ;
pelievi;prelievo;;
pep;Pressione espiratoria positiva;PEP;
percorsi;percorso;;
percorso;percorso;;
percutanea;percutanea;;
peretta;peretta;;
perette;peretta;;
perif;periferico;;
perifeici;periferico;;
perifeirici;periferico;;
periferci;periferico;;
periferco;periferico;;
periferica;periferico;;
perifericamente;periferico;;
periferiche;periferico;;
periferici;periferico;;
perifericie;periferico;;
periferico;periferico;;
perifericxi;periferico;;
periferiferici;periferico;;
periferisci;periferico;;
periodica;periodico;;
periodici;periodico;;
periodico;periodico;;
permanenza;permanenza;;
peroferoci;periferico;;
persona;persona;;
personale;personale;;
personalizzati;personalizzato;;
persuasiva;persuasiva;;
pervenute;pervenute;;
pervietà;pervietà;;
peso;peso;;
pflegeplanung;pianificazione assistenziale;;
pia;ELIMINARE;;
piaga;piaga;;
piaghe;piaga;;
piani;piano;;
pianificazione;pianificazione;;
piano;piano;;
piastrine;piastrine;;
piatto;piatto;;
pic;peripherally inserted central catheter;PICC;
picc;peripherally inserted central catheter;PICC;
piede;piede;;
pielostomie;pielostomia;;
pig;ELIMINARE;;
pigtail;pigtail;;
pilloliere;pilloliera;;
pixx;ELIMINARE;;
piú;ELIMINARE;;
placche;placche;;
planing;planning;;
pleurici;pleurico;;
plic;ELIMINARE;;
plurime;ELIMINARE;;
pluripatologico;pluripatologico;;
pneumologico;pneumologico;;
pneumologo;pneumologo;;
poer;ELIMINARE;;
pome;ELIMINARE;;
pompa;pompa;;
pompe;pompa;;
pool;pool;;
porh;Port-a-Cath;;
port;Port-a-Cath;;
port_a;Port-a-Cath;;
port_a_cat;Port-a-Cath;;
portale;portale;;
portatori;portatori;;
porte;porte;;
porter;porte;;
porth;Port-a-Cath;;
pos;ELIMINARE;;
posisionamento;posizionamento;;
positiva;positiva;;
posiz;posizionamento;;
posiziinamento;posizionamento;;
posizioanmento;posizionamento;;
posizionam;posizionamento;;
posizionamen;posizionamento;;
posizionameneto;posizionamento;;
posizionamenro;posizionamento;;
posizionamente;posizionamento;;
posizionamenti;posizionamento;;
posizionamento;posizionamento;;
posizionamentoe;posizionamento;;
posizionamneto;posizionamento;;
posizionare;posizionamento;;
posizionato;posizionamento;;
posizione;posizionamento;;
posizionementi;posizionamento;;
posizionemento;posizionamento;;
posizoionamento;posizionamento;;
posizunamento;posizionamento;;
post;post;;
postchirurgiche;postchirurgiche;;
postura;postura;;
posture;postura;;
poth;Port-a-Cath;;
pozycionamento;posizionamento;;
pr;ELIMINARE;;
prarametri;parametri;;
pratica;pratica;;
praticare;praticare;;
pratiche;pratica;;
pratico;pratico;;
preiferici;periferici;;
preleivo;prelievo;;
prelevare;prelevare;;
prelevi;prelievo;;
prelevo;prelievo;;
preliavo;prelievo;;
prelieve;prelievo;;
prelievi;prelievo;;
prelievo;prelievo;;
preliminare;preliminare;;
prelivi;prelievo;;
prelivo;prelievo;;
preluevi;prelievo;;
prendere;prendere;;
prenotazione;prenotazione;;
prenotazioni;prenotazione;;
prenterale;parenterale;;
prep;preparazione;;
preparare;preparazione;;
preparazione;preparazione;;
preparazionenterapia;preparazione;;
preparazioni;preparazione;;
preparo;preparazione;;
prescritte;prescritte;;
prescrizione;prescrizione;;
prescrizioni;prescrizione;;
prese;prese;;
presente;presente;;
presenti;presenti;;
presenza;presenza;;
presidi;presidi;;
pressiond;pressione;;
pressione;pressione;;
pressioni;pressione;;
presso;ELIMINARE;;
pressori;pressori;;
prestazione;prestazione;;
prestazioni;prestazione;;
pretrasfusionale;pre trasfusionale;;
prev;ELIMINARE;;
prevalentemente;prevalentemente;;
prevenione;prevenzione;;
preventiva;prevenzione;;
prevenzione;prevenzione;;
prevenzionestipsi;prevenzionestipsi;;
primari;primario;;
primaria;primario;;
primarie;primario;;
prime;Primo;;
primi;Primo;;
private;private;;
prlelievo;prelievo;;
prlievi;prelievo;;
prlievo;prelievo;;
proattiva;proattiva;;
problem;problema;;
problema;problema;;
problematiche;problematico;;
problematici;problematico;;
problemi;problema;;
procedure;procedure;;
professionale;professionale;;
professionali;professionale;;
professionisti;professionista;;
profilassi;profilassi;;
profilattiche;profilattiche;;
profili;profilo;;
profilo;profilo;;
proflilassi;proflilassi;;
profondi;profondo;;
profondo;profondo;;
progetti;progetto;;
progetto;progetto;;
programmate;programmato;;
programmazione;programmazione;;
promozione;promozione;;
promuovere;promuovere;;
prophylaxe;profilassi;;
prophylaxen;profilassi;;
proposta;proposta;;
proposte;proposta;;
propria;propria;;
prossimità;prossimità;;
prossimo;prossimo;;
protetta;protetta;;
protette;protetta;;
protezione;protezione;;
protocollo;protocollo;;
prova;prova;;
provincia;provincia;;
prrlievi;prelievi;;
pscologico;psicologico;;
psdta;percorso diagnostico terapeutico;PDTA;
psic;psicologico;;
psichologico;psicologico;;
psico;psicologico;;
psicoeducazine;psico educazione;;
psicoeducazione;psico educazione;;
psicologica;psicologico;;
psicologico;psicologico;;
psicologicopaziente;psicologico;;
psicopedagogico;psicopedagogico;;
pt;ELIMINARE;;
pte;ELIMINARE;;
pua;Punto Unico di Accesso;PUA;
pubico;pubico;;
pulizia;pulizia;;
punti;punti;;
punture;punture;;
pv;parametri vitali;PV;
pz;paziente;PZ;
pziente;paziente;;
pzt;paziente;;
pàrèñterale;parenterale;;
qualsiasi;ELIMINARE;;
raccolta;raccolto;;
raccordo;raccordo;;
raggiungimento;raggiungimento;;
rapporti;rapporto;;
rapporto;rapporto;;
realizzazione;realizzazione;;
reazioni;reazioni;;
referenti;referenti;;
refrattari;refrattari;;
regionale;regionale;;
regione;regione;;
regole;regole;;
reidratante;reidratante;;
reidratanti;reidratanti;;
reidratazione;reidratazione;;
reidreatante;reidratanti;;
relativa;relativo;;
relative;relativo;;
relativi;relativo;;
relaz;relazione;;
relazionale;relazione;;
relazione;relazione;;
relazioni;relazione;;
relazoone;relazione;;
removibili;removibili;;
renale;renale;;
renali;renale;;
reperimento;reperimento;;
reperire;reperire;;
respiratore;respiratore;;
respiratori;respiratorio;;
respiratoria;respiratorio;;
respirazione;respirazione;;
respiro;respiro;;
rete;rete;;
rettale;rettale;;
rettali;rettale;;
rettoclisi;rettoclisi;;
rettòclisi;rettoclisi;;
ri;ELIMINARE;;
riabilitative;riabilitative;;
ricarica;ricarica;;
ricariche;ricarica;;
ricevente;ricevente;;
richiedono;ELIMINARE;;
richiesta;richiesta;;
richieste;richiesta;;
ricognizione;ricognizione;;
riconciliazione;riconciliazione;;
riconoscere;riconoscere;;
riconoscimento;riconoscimento;;
ricorrenti;ricorrenti;;
ricoveri;ricoveri;;
ricovero;ricovero;;
rieducazione;rieducazione;;
rielevazione;rilevazione;;
riempimento;riempimento;;
riferimento;riferimento;;
rig;riguardo;;
rigardo;riguardo;;
riguardante;riguardo;;
riguardo;riguardo;;
rilevamento;rilevamento;;
rilevare;rilevare;;
rilevato;rilevato;;
rilevaz;rilevazione;;
rilevazione;rilevazione;;
rilevazioni;rilevazione;;
rilevo;rilievo;;
rilievo;rilievo;;
rilvazione;rilevazione;;
rimozione;rimozione;;
rimozioni;rimozione;;
rinforzi;rinforzo;;
rinforzo;rinforzo;;
rinnovo;rinnovo;;
riperibilità;reperibilità;;
riposizionamento;riposizionamento;;
ripristino;ripristino;;
riprogrammazione;riprogrammazione;;
rischio;rischio;;
risocializzante;risocializzante;;
risocializzazione;risocializzazione;;
risorse;risorse;;
rispetto;rispetto;;
ritiro;ritiro;;
ritrovare;ritrovare;;
riunioni;riunioni;;
rivalutazione;rivalutazione;;
rivalutazioni;rivalutazione;;
rivelazione;rivelazione;;
rivolta;rivolta;;
routine;routine;;
sa;ELIMINARE;;
sacca;sacca;;
sacche;sacca;;
sacrale;sacrale;;
sacrali;sacrale;;
sacro;sacro;;
sad;Servizio di Assistenza Domiciliare;SAD;
sague;sangue;;
salute;salute;;
salvavita;salvavita;;
san;ELIMINARE;;
sangue;sangue;;
sanguigno;sanguigno;;
sanguini;sanguigno;;
sani;sano;;
sanigastrico;ELIMINARE;;
sanit;sanitario;;
sanitari;sanitario;;
sanitaria;sanitario;;
sanitarie;sanitario;;
sanitario;sanitario;;
sano;sano;;
sars;Severe acute respiratory syndrome;SARS;
sat;saturazione;;
sattocute;sottocute;;
saturazione;saturazione;;
saturimetria;saturimetria;;
saturimetrie;saturimetria;;
sc;sottocute;SC;
scale;scale;;
scc;scompenso cardio circolatorio;SCC;
scheda;scheda;;
schede;scheda;;
scolastico;scolastico;;
scompensi;scompenso;;
scompenso;scompenso;;
scuola;scuola;;
scuole;scuola;;
secernenti;secernenti;;
Sedativa;seconda;;
secondaria;secondaria;;
secondarie;secondaria;;
secreti;secreti;;
secrezioni;secrezioni;;
sedativa;Sedativa;;
sedative;Sedativa;;
sedativi;Sedativo;;
sedativo;Sedativo;;
sedazione;Sedazione;;
sedazioni;Sedazione;;
sede;Sede;;
sedi;Sede;;
seduzione;Sedazione;;
segnalazione;segnalazione;;
segnalazioni;segnalazione;;
segni;Segno;;
seguire;Seguire;;
seguiti;Seguito;;
self;Self;;
sempilci;Semplice;;
semplci;Semplice;;
semplica;Semplice;;
semplice;Semplice;;
semplici;Semplice;;
serv;Servizio;;
servicio;Servizio;;
servizi;Servizio;;
servizio;Servizio;;
set;Settimanale;;
settimanale;Settimanale;;
settimanali;Settimanale;;
setting;Setting;;
settore;Settore;;
siat;ELIMINARE;;
siatess;ELIMINARE;;
sid;ELIMINARE;;
simili;Simile;;
sindromi;Sindrome;;
singole;Singola;;
sintomatologia;Sintomatologia;;
sintomi;Sintomo;;
sintomo;Sintomo;;
sist;ELIMINARE;;
sistema;Sistema;;
sistemi;Sistema;;
sistemiche;Sistemico;;
situazione;Situazione;;
situazioni;Situazione;;
skin;Skin;;
sla;Sclerosi Laterale Amiotrofica;SLA;
sma;Atrofia Muscolare Spinale;SMA;
sng;Sondino Naso Gastrico;SNG;
sociale;Sociale;;
sociali;Sociale;;
socio;Socio;;
socioasstenziale;Socio Assistenziale;;
sociosanitari;Socio Sanitario;;
soddisfare;Soddisfare;;
soecialisti;Specialisti;;
soggetto;Soggetto;;
sol;Soluzione;;
soli;solo;;
sollievo;Sollievo;;
soluzione;Soluzione;;
solving;Solving;;
som;Somministrazione;;
somie;Somministrazione;;
somm;Somministrazione;;
somma;Somma;;
somministrazine;Somministrazione;;
somministrazione;Somministrazione;;
somministrazioni;Somministrazione;;
somministrzione;Somministrazione;;
somnistrazione;Somministrazione;;
sonda;Sonda;;
sonde;Sonda;;
sonden;Sonda;;
sondini;Sondino;;
sondino;Sondino;;
sondinonasogastrico;Sondino Naso Gastrico;;
sonno;Sonno;;
sonsuntivazione;Sostituzione;;
sontituzione;Sostituzione;;
sopralluogo;Sopralluogo;;
soprapubico;Sovrapubico;;
sormazione;Formazione;;
sorveglianza;Sorveglianza;;
sost;Sostituzione;;
sostegno;Sostegno;;
sostego;Sostegno;;
sostituizione;Sostituzione;;
sostitutuzione;Sostituzione;;
sostituz;Sostituzione;;
sostituzione;Sostituzione;;
sostituzioni;Sostituzione;;
sotituzione;Sostituzione;;
sottcutanee;Sotto cutanea;;
sottocue;Sotto cutanea;;
sottocuranea;Sotto cutanea;;
sottocutane;Sotto cutanea;;
sottocutanea;Sotto cutanea;;
sottocutanee;Sotto cutanea;;
sottocutanei;Sotto cutanea;;
sottocutaneo;Sotto cutanea;;
sottocutania;Sotto cutanea;;
sottocute;Sotto cutanea;;
sottucutanea;Sotto cutanea;;
sovra;ELIMINARE;;
sovrapubici;Sovrapubico;;
sovrapubico;Sovrapubico;;
sovrapuvici;Sovrapubico;;
sozialdienste;Servizio Sociale;;
sozialdiensten;Servizio Sociale;;
specialista;Specialista;;
specialisti;Specialista;;
specialistica;Specialistica;;
specialistiche;Specialistica;;
specialistici;Specialistica;;
specialistico;Specialistica;;
specialmente;ELIMINARE;;
specifici;Specifico;;
specliatsi;Specialista;;
spiegazione;Spiegazione;;
spirometria;Spirometria;;
spo;ELIMINARE;;
sppecialista;Specialista;;
spülen;Lavare;;
ss;ELIMINARE;;
stabile;Stabile;;
stabili;Stabile;;
stabilire;stabilire;;
stabilità;Stabile;;
stabilizzazione;Stabilizzazione;;
stacco;ELIMINARE;;
stadi;Stadio;;
stadio;Stadio;;
stanza;Stanza;;
stasi;Stasi;;
stick;Stick;;
stile;Stile;;
stili;Stile;;
stima;Stima;;
stimolare;Stimolare;;
stipsi;Stipsi;;
stix;Stick;;
stoma;Stoma;;
stomapflegen;Cura della Stomia;;
stomia;Stomia;;
stomie;Stomie;;
stomizzati;Stomizzato;;
storie;Storie;;
stretta;Stretta;;
strumentali;Strumentale;;
strumenti;Strumento;;
studenti;Studente;;
subcutane;Sub cutanea;;
subcutanen;Sub cutanea;;
successive;Successiva;;
sufficienza;Sufficienza;;
superare;Superare;;
superiori;Superiore;;
supervioni;Supervisione;;
supervisione;Supervisione;;
supp;ELIMINARE;;
supportare;Supportare;;
supporti;Supporto;;
supporto;Supporto;;
suprapubici;Sovrapubico;;
suprapubico;Sovrapubico;;
susili;Ausilio;;
sutura;Sutura;;
suvrapubico;Sovrapubico;;
svama;ELIMINARE;;
svariate;Varie;;
sviluppo;Sviluppo;;
svuotamenti;Svuotamento;;
svuotamento;Svuotamento;;
svuoto;Svuotamento;;
tab;ELIMINARE;;
tacheo;Tracheostomia;;
tacheostomia;Tracheostomia;;
taid;ELIMINARE;;
tail;ELIMINARE;;
tamoponi;Tampone;;
tampone;Tampone;;
tamponi;Tampone;;
tanta;ELIMINARE;;
tao;Terapia Anticoagulante Orale;TAO;
tarepia;Terapia;;
tc;Temperatura Corporea;TC;
teaching;Teaching;;
team;Team;;
tear;Team;;
tears;Team;;
tecniche;Tecniche;;
tel;Telefono;;
telefonata;Telefonata;;
telefonate;Telefonata;;
telefonica;Telefonica;;
telefoniche;Telefonica;;
telefonici;Telefonica;;
telefonico;Telefonica;;
telemonitoraggio;Tele Monitoraggio;;
televisita;Televisiva;;
tentativo;Tentativo;;
tenuta;Tenuta;;
teorica;Teorica;;
ter;Terapia;;
terale;Terapia;;
terap;Terapia;;
terapentica;Terapeutica;;
terapetico;Terapeutico;;
terapeuitca;Terapeutica;;
terapeutica;Terapeutica;;
terapeutiche;Terapeutica;;
terapeutici;Terapeutico;;
terapeutico;Terapeutico;;
terapeutics;Terapeutico;;
terapi;Terapia;;
terapia;Terapia;;
terapiabparenterale;Terapia Parenterale;;
terapiaev;Terapia Endovenosa;;
terapiai;Terapia;;
terapie;Terapia;;
terapieinfusionali;Terapia infusionale;;
terapisti;Terapisti;;
terapy;Terapia;;
terepia;Terapia;;
teritoriale;Territoriale;;
terminale;Terminale;;
terminali;Terminale;;
terminalita;Terminale;;
terminalità;Terminale;;
terminalitá;Terminale;;
termine;Termine;;
terpia;Terapia;;
territoriale;Territoriale;;
territoriali;Territoriale;;
territorio;Territorio;;
terzo;Terzo;;
test;Test;;
tetapia;Terapia;;
tev;Terapia Endovenosa;;
th;Terapia;;
theraphy;Terapia;;
therapie;Terapia;;
therapieüberwachung;Terapia;;
therapy;Terapia;;
tin;Terapia Intensiva Neonatale;TIN;
tipi;Tipo;;
tipo;Tipo;;
togliere;Togliere;;
toilette;Toilette;;
tora;Toracico;;
toracici;Toracico;;
toracico;Toracico;;
toraco;Toracico;;
tosse;Tosse;;
totale;Totale;;
totali;Totale;;
toto;Totale;;
tp;Terapia;;
tpim;Terapia intramuscolare;;
tpn;ELIMINARE;;
traceale;Tracheale;;
trache;Tracheale;;
tracheale;Tracheale;;
tracheali;Tracheale;;
tracheiostomica;Tracheostomia;;
tracheistomia;Tracheostomia;;
trachemizzato;Tracheostomizzato;;
tracheo;Tracheostomia;;
tracheobronchiale;Tracheo Bronchiale;;
tracheobronchiali;Tracheo Bronchiale;;
tracheodtonie;Tracheostomia;;
tracheostomia;Tracheostomia;;
tracheostomica;Tracheostomia;;
tracheostomiche;Tracheostomia;;
tracheostomie;Tracheostomia;;
tracheostomiia;Tracheostomia;;
tracheostomizzati;Tracheostomizzato;;
tracheostomizzato;Tracheostomizzato;;
tracheostonie;Tracheostomia;;
tracheotomia;Tracheostomia;;
tracheotomie;Tracheostomia;;
trachestomia;Tracheostomia;;
trachestomizzato;Tracheostomizzato;;
trachoestizzati;Tracheostomizzato;;
traheostomie;Tracheostomia;;
training;Training;;
tramite;Tramite;;
tramiteb;Tramite;;
traning;Training;;
transdermal;Transdermica;;
transuretrale;Transuretrale;;
transuretrali;Transuretrale;;
trasdermica;Transdermica;;
trasdermico;Transdermica;;
trasferimenti;Trasferimento;;
trasferimento;Trasferimento;;
trasfusione;Trasfusione;;
trasfusioni;Trasfusione;;
trasmissione;Trasmissione;;
trasportabili;Trasportabile;;
trasporti;Trasporto;;
trasporto;Trasporto;;
tratamento;Trattamento;;
trattam;Trattamento;;
trattamenti;Trattamento;;
trattamento;Trattamento;;
trauma;Trauma;;
traumatiche;Traumatico;;
traumi;Trauma;;
tremite;Tramite;;
trofiche;Trofico;;
troficovascolari;ELIMINARE;;
trp;ELIMINARE;;
tso;Trattamento Sanitario Obbligatorio ;TSO;
tumorali;Tumorale;;
turno;Turno;;
tutor;Tutor;;
tutori;Tutor;;
tx;Torace;TX;
ucc;ELIMINARE;;
ucp;ELIMINARE;;
udp;ELIMINARE;;
ulcera;Ulcera;;
ulcerative;Ulcerativa;;
ulcere;Ulcera;;
ulceri;Ulcera;;
ultimi;Ultimo;;
umana;Umano;;
und;ELIMINARE;;
università;Università;;
unterstützung;Supporto;;
uocp;ELIMINARE;;
uol;ELIMINARE;;
up;ELIMINARE;;
ureterali;Uretrale;;
uretero;Uretere;;
ureterostomia;Ureterostomia;;
ureterostomie;Ureterostomia;;
uretorostomie;Ureterostomia;;
uretrale;Uretrale;;
uretrali;Uretrale;;
urgenti;Urgente;;
urgenza;Urgenza;;
urina;Urina;;
urinari;Urinario;;
urinaria;Urinario;;
urinarie;Urinario;;
urinario;Urinario;;
urine;Urina;;
urinocoltura;Urinocoltura;;
urinocolture;Urinocoltura;;
uro;Urina;;
urocontrol;Controllo Urinario;;
urologiche;Urologico;;
urostomia;Urostomia;;
urostomie;Urostomia;;
uscite;Uscita;;
usi;Uso;;
uso;Uso;;
ustioni;Ustione;;
usw;ELIMINARE;;
utente;Utente;;
utenti;Utente;;
utenza;Utente;;
utili;Utile;;
utilizzo;Utilizzo;;
uvcp;ELIMINARE;;
uvg;ELIMINARE;;
uvm;ELIMINARE;;
vac;ELIMINARE;;
vaccinazioni;Vaccinazioni;;
val;Valutazione;;
valori;Valore;;
valuatazione;Valutazione;;
valuatazioni;Valutazione;;
valuazione;Valutazione;;
valutare;Valutazione;;
valutativa;Valutazione;;
valutazinoe;Valutazione;;
valutaziome;Valutazione;;
valutazione;Valutazione;;
valutazioni;Valutazione;;
vam;ELIMINARE;;
variazioni;Variazione;;
varicose;Varicosa;;
vascicali;Vescicale;;
vascolare;Vascolare;;
vascolari;Vascolare;;
vasi;Vaso;;
vaso;Vaso;;
vasolari;Vascolare;;
vaultrazione;Valutazione;;
veacicale;Vescicale;;
vecicale;Vescicale;;
vecicali;Vescicale;;
vecsicale;Vescicale;;
veglia;Veglia;;
velutazine;Valutazione;;
vena;Vena;;
vendite;Vendita;;
vene;Vena;;
venenkatheter;Catetere venoso;;
venipuntura;Venipuntura;;
venisa;Venoso;;
venisi;Venoso;;
veniso;Venoso;;
venivi;Venoso;;
venoci;Venoso;;
venodi;Venoso;;
venole;Venoso;;
venosa;Venoso;;
venose;Venoso;;
venosi;Venoso;;
venosii;Venoso;;
venosisorveglianza;Controllo Venoso;;
venoso;Venoso;;
venpsi;Venoso;;
venso;Venoso;;
ventilati;Ventilato;;
ventilatore;Ventilatore;;
ventilatori;Ventilatore;;
ventilatorie;Ventilatore;;
ventilazione;Ventilazione;;
ventosa;Ventosa;;
ventose;Ventosa;;
ventrali;Ventrale;;
venös;Venoso;;
veoso;Venoso;;
verabreichen;Somministrare;;
verabreichung;Somministrazione;;
verbandswechsel;Cambio Medicazione;;
verbandwechsel;Cambio Medicazione;;
verbinden;Bendaggio;;
verbände;Bendattio;;
verifica;Verifica;;
verifiche;Verifica;;
versorgen;Fornire;;
versorgung;Fornire;;
vesc;Vescicale;;
vescali;Vescicale;;
vesciale;Vescicale;;
vesciali;Vescicale;;
vescica;Vescicale;;
vescicake;Vescicale;;
vescicala;Vescicale;;
vescicale;Vescicale;;
vescicali;Vescicale;;
vescicalj;Vescicale;;
vescicalle;Vescicale;;
vescicate;Vescicale;;
vescici;Vescicale;;
vescicsle;Vescicale;;
vescivale;Vescicale;;
vescuacale;Vescicale;;
vesicale;Vescicale;;
vesiccale;Vescicale;;
vesosi;Venoso;;
vesvicale;Vescicale;;
vie;Via;;
vigilanza;Vigilanza;;
vis;ELIMINARE;;
visione;Visione;;
visita;Visita;;
visite;Visita;;
vital;Vitale;;
vitale;Vitale;;
vitali;Vitale;;
vitalwerte;Segni vitali;;
vitalzeichen;Segni vitali;;
vitalzeichenkontrolle;Condtollo dei Segni vitali;;
vitalzeichenkontrollen;Controllo dei Segni Vitali;;
vmi;ELIMINARE;;
vmni;ELIMINARE;;
vna;ELIMINARE;;
volemico;Volemico;;
volontà;Volontà;;
vomito;Vomito;;
von;ELIMINARE;;
vor;ELIMINARE;;
vorbereitung;Preparazione;;
vscolari;Vascolare;;
vulnologica;Vulnologia;;
wechsel;Cambiamento;;
wound;Ferita;;
wundbehandlung;Trattamento delle Ferite;;
wundmanagement;Gestione delle Ferite;;
wundmanagment;Gestione delle Ferite;;
wundverband;Medicazione delle Ferite;;
wundversorgung;Cura delle Ferite;;
zentrale;Centrale;;
zinco;Zinco;;
zione;ELIMINARE;;
zu;ELIMINARE;;
zusammenarbeit;Cooperazione;;
zza;ELIMINARE;;
